cohort,scheme,experiment_id,config_path
pbmc,S000_none,layer1_pbmc_all128_top10000_S000_none,TRB/set/configs/experiments/layer1_material_all128_top10000_static_v1/pbmc/S000_none.yaml
pbmc,S001_D,layer1_pbmc_all128_top10000_S001_D,TRB/set/configs/experiments/layer1_material_all128_top10000_static_v1/pbmc/S001_D.yaml
pbmc,S002_E,layer1_pbmc_all128_top10000_S002_E,TRB/set/configs/experiments/layer1_material_all128_top10000_static_v1/pbmc/S002_E.yaml
pbmc,S003_L,layer1_pbmc_all128_top10000_S003_L,TRB/set/configs/experiments/layer1_material_all128_top10000_static_v1/pbmc/S003_L.yaml
pbmc,S004_AU,layer1_pbmc_all128_top10000_S004_AU,TRB/set/configs/experiments/layer1_material_all128_top10000_static_v1/pbmc/S004_AU.yaml
pbmc,S005_AW,layer1_pbmc_all128_top10000_S005_AW,TRB/set/configs/experiments/layer1_material_all128_top10000_static_v1/pbmc/S005_AW.yaml
pbmc,S006_PU,layer1_pbmc_all128_top10000_S006_PU,TRB/set/configs/experiments/layer1_material_all128_top10000_static_v1/pbmc/S006_PU.yaml
pbmc,S007_PW,layer1_pbmc_all128_top10000_S007_PW,TRB/set/configs/experiments/layer1_material_all128_top10000_static_v1/pbmc/S007_PW.yaml
pbmc,S008_D_E,layer1_pbmc_all128_top10000_S008_D_E,TRB/set/configs/experiments/layer1_material_all128_top10000_static_v1/pbmc/S008_D_E.yaml
pbmc,S009_D_L,layer1_pbmc_all128_top10000_S009_D_L,TRB/set/configs/experiments/layer1_material_all128_top10000_static_v1/pbmc/S009_D_L.yaml
pbmc,S010_D_AU,layer1_pbmc_all128_top10000_S010_D_AU,TRB/set/configs/experiments/layer1_material_all128_top10000_static_v1/pbmc/S010_D_AU.yaml
pbmc,S011_D_AW,layer1_pbmc_all128_top10000_S011_D_AW,TRB/set/configs/experiments/layer1_material_all128_top10000_static_v1/pbmc/S011_D_AW.yaml
pbmc,S012_D_PU,layer1_pbmc_all128_top10000_S012_D_PU,TRB/set/configs/experiments/layer1_material_all128_top10000_static_v1/pbmc/S012_D_PU.yaml
pbmc,S013_D_PW,layer1_pbmc_all128_top10000_S013_D_PW,TRB/set/configs/experiments/layer1_material_all128_top10000_static_v1/pbmc/S013_D_PW.yaml
pbmc,S014_E_L,layer1_pbmc_all128_top10000_S014_E_L,TRB/set/configs/experiments/layer1_material_all128_top10000_static_v1/pbmc/S014_E_L.yaml
pbmc,S015_E_AU,layer1_pbmc_all128_top10000_S015_E_AU,TRB/set/configs/experiments/layer1_material_all128_top10000_static_v1/pbmc/S015_E_AU.yaml
pbmc,S016_E_AW,layer1_pbmc_all128_top10000_S016_E_AW,TRB/set/configs/experiments/layer1_material_all128_top10000_static_v1/pbmc/S016_E_AW.yaml
pbmc,S017_E_PU,layer1_pbmc_all128_top10000_S017_E_PU,TRB/set/configs/experiments/layer1_material_all128_top10000_static_v1/pbmc/S017_E_PU.yaml
pbmc,S018_E_PW,layer1_pbmc_all128_top10000_S018_E_PW,TRB/set/configs/experiments/layer1_material_all128_top10000_static_v1/pbmc/S018_E_PW.yaml
pbmc,S019_L_AU,layer1_pbmc_all128_top10000_S019_L_AU,TRB/set/configs/experiments/layer1_material_all128_top10000_static_v1/pbmc/S019_L_AU.yaml
pbmc,S020_L_AW,layer1_pbmc_all128_top10000_S020_L_AW,TRB/set/configs/experiments/layer1_material_all128_top10000_static_v1/pbmc/S020_L_AW.yaml
pbmc,S021_L_PU,layer1_pbmc_all128_top10000_S021_L_PU,TRB/set/configs/experiments/layer1_material_all128_top10000_static_v1/pbmc/S021_L_PU.yaml
pbmc,S022_L_PW,layer1_pbmc_all128_top10000_S022_L_PW,TRB/set/configs/experiments/layer1_material_all128_top10000_static_v1/pbmc/S022_L_PW.yaml
pbmc,S023_AU_AW,layer1_pbmc_all128_top10000_S023_AU_AW,TRB/set/configs/experiments/layer1_material_all128_top10000_static_v1/pbmc/S023_AU_AW.yaml
pbmc,S024_AU_PU,layer1_pbmc_all128_top10000_S024_AU_PU,TRB/set/configs/experiments/layer1_material_all128_top10000_static_v1/pbmc/S024_AU_PU.yaml
pbmc,S025_AU_PW,layer1_pbmc_all128_top10000_S025_AU_PW,TRB/set/configs/experiments/layer1_material_all128_top10000_static_v1/pbmc/S025_AU_PW.yaml
pbmc,S026_AW_PU,layer1_pbmc_all128_top10000_S026_AW_PU,TRB/set/configs/experiments/layer1_material_all128_top10000_static_v1/pbmc/S026_AW_PU.yaml
pbmc,S027_AW_PW,layer1_pbmc_all128_top10000_S027_AW_PW,TRB/set/configs/experiments/layer1_material_all128_top10000_static_v1/pbmc/S027_AW_PW.yaml
pbmc,S028_PU_PW,layer1_pbmc_all128_top10000_S028_PU_PW,TRB/set/configs/experiments/layer1_material_all128_top10000_static_v1/pbmc/S028_PU_PW.yaml
pbmc,S029_D_E_L,layer1_pbmc_all128_top10000_S029_D_E_L,TRB/set/configs/experiments/layer1_material_all128_top10000_static_v1/pbmc/S029_D_E_L.yaml
pbmc,S030_D_E_AU,layer1_pbmc_all128_top10000_S030_D_E_AU,TRB/set/configs/experiments/layer1_material_all128_top10000_static_v1/pbmc/S030_D_E_AU.yaml
pbmc,S031_D_E_AW,layer1_pbmc_all128_top10000_S031_D_E_AW,TRB/set/configs/experiments/layer1_material_all128_top10000_static_v1/pbmc/S031_D_E_AW.yaml
pbmc,S032_D_E_PU,layer1_pbmc_all128_top10000_S032_D_E_PU,TRB/set/configs/experiments/layer1_material_all128_top10000_static_v1/pbmc/S032_D_E_PU.yaml
pbmc,S033_D_E_PW,layer1_pbmc_all128_top10000_S033_D_E_PW,TRB/set/configs/experiments/layer1_material_all128_top10000_static_v1/pbmc/S033_D_E_PW.yaml
pbmc,S034_D_L_AU,layer1_pbmc_all128_top10000_S034_D_L_AU,TRB/set/configs/experiments/layer1_material_all128_top10000_static_v1/pbmc/S034_D_L_AU.yaml
pbmc,S035_D_L_AW,layer1_pbmc_all128_top10000_S035_D_L_AW,TRB/set/configs/experiments/layer1_material_all128_top10000_static_v1/pbmc/S035_D_L_AW.yaml
pbmc,S036_D_L_PU,layer1_pbmc_all128_top10000_S036_D_L_PU,TRB/set/configs/experiments/layer1_material_all128_top10000_static_v1/pbmc/S036_D_L_PU.yaml
pbmc,S037_D_L_PW,layer1_pbmc_all128_top10000_S037_D_L_PW,TRB/set/configs/experiments/layer1_material_all128_top10000_static_v1/pbmc/S037_D_L_PW.yaml
pbmc,S038_D_AU_AW,layer1_pbmc_all128_top10000_S038_D_AU_AW,TRB/set/configs/experiments/layer1_material_all128_top10000_static_v1/pbmc/S038_D_AU_AW.yaml
pbmc,S039_D_AU_PU,layer1_pbmc_all128_top10000_S039_D_AU_PU,TRB/set/configs/experiments/layer1_material_all128_top10000_static_v1/pbmc/S039_D_AU_PU.yaml
pbmc,S040_D_AU_PW,layer1_pbmc_all128_top10000_S040_D_AU_PW,TRB/set/configs/experiments/layer1_material_all128_top10000_static_v1/pbmc/S040_D_AU_PW.yaml
pbmc,S041_D_AW_PU,layer1_pbmc_all128_top10000_S041_D_AW_PU,TRB/set/configs/experiments/layer1_material_all128_top10000_static_v1/pbmc/S041_D_AW_PU.yaml
pbmc,S042_D_AW_PW,layer1_pbmc_all128_top10000_S042_D_AW_PW,TRB/set/configs/experiments/layer1_material_all128_top10000_static_v1/pbmc/S042_D_AW_PW.yaml
pbmc,S043_D_PU_PW,layer1_pbmc_all128_top10000_S043_D_PU_PW,TRB/set/configs/experiments/layer1_material_all128_top10000_static_v1/pbmc/S043_D_PU_PW.yaml
pbmc,S044_E_L_AU,layer1_pbmc_all128_top10000_S044_E_L_AU,TRB/set/configs/experiments/layer1_material_all128_top10000_static_v1/pbmc/S044_E_L_AU.yaml
pbmc,S045_E_L_AW,layer1_pbmc_all128_top10000_S045_E_L_AW,TRB/set/configs/experiments/layer1_material_all128_top10000_static_v1/pbmc/S045_E_L_AW.yaml
pbmc,S046_E_L_PU,layer1_pbmc_all128_top10000_S046_E_L_PU,TRB/set/configs/experiments/layer1_material_all128_top10000_static_v1/pbmc/S046_E_L_PU.yaml
pbmc,S047_E_L_PW,layer1_pbmc_all128_top10000_S047_E_L_PW,TRB/set/configs/experiments/layer1_material_all128_top10000_static_v1/pbmc/S047_E_L_PW.yaml
pbmc,S048_E_AU_AW,layer1_pbmc_all128_top10000_S048_E_AU_AW,TRB/set/configs/experiments/layer1_material_all128_top10000_static_v1/pbmc/S048_E_AU_AW.yaml
pbmc,S049_E_AU_PU,layer1_pbmc_all128_top10000_S049_E_AU_PU,TRB/set/configs/experiments/layer1_material_all128_top10000_static_v1/pbmc/S049_E_AU_PU.yaml
pbmc,S050_E_AU_PW,layer1_pbmc_all128_top10000_S050_E_AU_PW,TRB/set/configs/experiments/layer1_material_all128_top10000_static_v1/pbmc/S050_E_AU_PW.yaml
pbmc,S051_E_AW_PU,layer1_pbmc_all128_top10000_S051_E_AW_PU,TRB/set/configs/experiments/layer1_material_all128_top10000_static_v1/pbmc/S051_E_AW_PU.yaml
pbmc,S052_E_AW_PW,layer1_pbmc_all128_top10000_S052_E_AW_PW,TRB/set/configs/experiments/layer1_material_all128_top10000_static_v1/pbmc/S052_E_AW_PW.yaml
pbmc,S053_E_PU_PW,layer1_pbmc_all128_top10000_S053_E_PU_PW,TRB/set/configs/experiments/layer1_material_all128_top10000_static_v1/pbmc/S053_E_PU_PW.yaml
pbmc,S054_L_AU_AW,layer1_pbmc_all128_top10000_S054_L_AU_AW,TRB/set/configs/experiments/layer1_material_all128_top10000_static_v1/pbmc/S054_L_AU_AW.yaml
pbmc,S055_L_AU_PU,layer1_pbmc_all128_top10000_S055_L_AU_PU,TRB/set/configs/experiments/layer1_material_all128_top10000_static_v1/pbmc/S055_L_AU_PU.yaml
pbmc,S056_L_AU_PW,layer1_pbmc_all128_top10000_S056_L_AU_PW,TRB/set/configs/experiments/layer1_material_all128_top10000_static_v1/pbmc/S056_L_AU_PW.yaml
pbmc,S057_L_AW_PU,layer1_pbmc_all128_top10000_S057_L_AW_PU,TRB/set/configs/experiments/layer1_material_all128_top10000_static_v1/pbmc/S057_L_AW_PU.yaml
pbmc,S058_L_AW_PW,layer1_pbmc_all128_top10000_S058_L_AW_PW,TRB/set/configs/experiments/layer1_material_all128_top10000_static_v1/pbmc/S058_L_AW_PW.yaml
pbmc,S059_L_PU_PW,layer1_pbmc_all128_top10000_S059_L_PU_PW,TRB/set/configs/experiments/layer1_material_all128_top10000_static_v1/pbmc/S059_L_PU_PW.yaml
pbmc,S060_AU_AW_PU,layer1_pbmc_all128_top10000_S060_AU_AW_PU,TRB/set/configs/experiments/layer1_material_all128_top10000_static_v1/pbmc/S060_AU_AW_PU.yaml
pbmc,S061_AU_AW_PW,layer1_pbmc_all128_top10000_S061_AU_AW_PW,TRB/set/configs/experiments/layer1_material_all128_top10000_static_v1/pbmc/S061_AU_AW_PW.yaml
pbmc,S062_AU_PU_PW,layer1_pbmc_all128_top10000_S062_AU_PU_PW,TRB/set/configs/experiments/layer1_material_all128_top10000_static_v1/pbmc/S062_AU_PU_PW.yaml
pbmc,S063_AW_PU_PW,layer1_pbmc_all128_top10000_S063_AW_PU_PW,TRB/set/configs/experiments/layer1_material_all128_top10000_static_v1/pbmc/S063_AW_PU_PW.yaml
pbmc,S064_D_E_L_AU,layer1_pbmc_all128_top10000_S064_D_E_L_AU,TRB/set/configs/experiments/layer1_material_all128_top10000_static_v1/pbmc/S064_D_E_L_AU.yaml
pbmc,S065_D_E_L_AW,layer1_pbmc_all128_top10000_S065_D_E_L_AW,TRB/set/configs/experiments/layer1_material_all128_top10000_static_v1/pbmc/S065_D_E_L_AW.yaml
pbmc,S066_D_E_L_PU,layer1_pbmc_all128_top10000_S066_D_E_L_PU,TRB/set/configs/experiments/layer1_material_all128_top10000_static_v1/pbmc/S066_D_E_L_PU.yaml
pbmc,S067_D_E_L_PW,layer1_pbmc_all128_top10000_S067_D_E_L_PW,TRB/set/configs/experiments/layer1_material_all128_top10000_static_v1/pbmc/S067_D_E_L_PW.yaml
pbmc,S068_D_E_AU_AW,layer1_pbmc_all128_top10000_S068_D_E_AU_AW,TRB/set/configs/experiments/layer1_material_all128_top10000_static_v1/pbmc/S068_D_E_AU_AW.yaml
pbmc,S069_D_E_AU_PU,layer1_pbmc_all128_top10000_S069_D_E_AU_PU,TRB/set/configs/experiments/layer1_material_all128_top10000_static_v1/pbmc/S069_D_E_AU_PU.yaml
pbmc,S070_D_E_AU_PW,layer1_pbmc_all128_top10000_S070_D_E_AU_PW,TRB/set/configs/experiments/layer1_material_all128_top10000_static_v1/pbmc/S070_D_E_AU_PW.yaml
pbmc,S071_D_E_AW_PU,layer1_pbmc_all128_top10000_S071_D_E_AW_PU,TRB/set/configs/experiments/layer1_material_all128_top10000_static_v1/pbmc/S071_D_E_AW_PU.yaml
pbmc,S072_D_E_AW_PW,layer1_pbmc_all128_top10000_S072_D_E_AW_PW,TRB/set/configs/experiments/layer1_material_all128_top10000_static_v1/pbmc/S072_D_E_AW_PW.yaml
pbmc,S073_D_E_PU_PW,layer1_pbmc_all128_top10000_S073_D_E_PU_PW,TRB/set/configs/experiments/layer1_material_all128_top10000_static_v1/pbmc/S073_D_E_PU_PW.yaml
pbmc,S074_D_L_AU_AW,layer1_pbmc_all128_top10000_S074_D_L_AU_AW,TRB/set/configs/experiments/layer1_material_all128_top10000_static_v1/pbmc/S074_D_L_AU_AW.yaml
pbmc,S075_D_L_AU_PU,layer1_pbmc_all128_top10000_S075_D_L_AU_PU,TRB/set/configs/experiments/layer1_material_all128_top10000_static_v1/pbmc/S075_D_L_AU_PU.yaml
pbmc,S076_D_L_AU_PW,layer1_pbmc_all128_top10000_S076_D_L_AU_PW,TRB/set/configs/experiments/layer1_material_all128_top10000_static_v1/pbmc/S076_D_L_AU_PW.yaml
pbmc,S077_D_L_AW_PU,layer1_pbmc_all128_top10000_S077_D_L_AW_PU,TRB/set/configs/experiments/layer1_material_all128_top10000_static_v1/pbmc/S077_D_L_AW_PU.yaml
pbmc,S078_D_L_AW_PW,layer1_pbmc_all128_top10000_S078_D_L_AW_PW,TRB/set/configs/experiments/layer1_material_all128_top10000_static_v1/pbmc/S078_D_L_AW_PW.yaml
pbmc,S079_D_L_PU_PW,layer1_pbmc_all128_top10000_S079_D_L_PU_PW,TRB/set/configs/experiments/layer1_material_all128_top10000_static_v1/pbmc/S079_D_L_PU_PW.yaml
pbmc,S080_D_AU_AW_PU,layer1_pbmc_all128_top10000_S080_D_AU_AW_PU,TRB/set/configs/experiments/layer1_material_all128_top10000_static_v1/pbmc/S080_D_AU_AW_PU.yaml
pbmc,S081_D_AU_AW_PW,layer1_pbmc_all128_top10000_S081_D_AU_AW_PW,TRB/set/configs/experiments/layer1_material_all128_top10000_static_v1/pbmc/S081_D_AU_AW_PW.yaml
pbmc,S082_D_AU_PU_PW,layer1_pbmc_all128_top10000_S082_D_AU_PU_PW,TRB/set/configs/experiments/layer1_material_all128_top10000_static_v1/pbmc/S082_D_AU_PU_PW.yaml
pbmc,S083_D_AW_PU_PW,layer1_pbmc_all128_top10000_S083_D_AW_PU_PW,TRB/set/configs/experiments/layer1_material_all128_top10000_static_v1/pbmc/S083_D_AW_PU_PW.yaml
pbmc,S084_E_L_AU_AW,layer1_pbmc_all128_top10000_S084_E_L_AU_AW,TRB/set/configs/experiments/layer1_material_all128_top10000_static_v1/pbmc/S084_E_L_AU_AW.yaml
pbmc,S085_E_L_AU_PU,layer1_pbmc_all128_top10000_S085_E_L_AU_PU,TRB/set/configs/experiments/layer1_material_all128_top10000_static_v1/pbmc/S085_E_L_AU_PU.yaml
pbmc,S086_E_L_AU_PW,layer1_pbmc_all128_top10000_S086_E_L_AU_PW,TRB/set/configs/experiments/layer1_material_all128_top10000_static_v1/pbmc/S086_E_L_AU_PW.yaml
pbmc,S087_E_L_AW_PU,layer1_pbmc_all128_top10000_S087_E_L_AW_PU,TRB/set/configs/experiments/layer1_material_all128_top10000_static_v1/pbmc/S087_E_L_AW_PU.yaml
pbmc,S088_E_L_AW_PW,layer1_pbmc_all128_top10000_S088_E_L_AW_PW,TRB/set/configs/experiments/layer1_material_all128_top10000_static_v1/pbmc/S088_E_L_AW_PW.yaml
pbmc,S089_E_L_PU_PW,layer1_pbmc_all128_top10000_S089_E_L_PU_PW,TRB/set/configs/experiments/layer1_material_all128_top10000_static_v1/pbmc/S089_E_L_PU_PW.yaml
pbmc,S090_E_AU_AW_PU,layer1_pbmc_all128_top10000_S090_E_AU_AW_PU,TRB/set/configs/experiments/layer1_material_all128_top10000_static_v1/pbmc/S090_E_AU_AW_PU.yaml
pbmc,S091_E_AU_AW_PW,layer1_pbmc_all128_top10000_S091_E_AU_AW_PW,TRB/set/configs/experiments/layer1_material_all128_top10000_static_v1/pbmc/S091_E_AU_AW_PW.yaml
pbmc,S092_E_AU_PU_PW,layer1_pbmc_all128_top10000_S092_E_AU_PU_PW,TRB/set/configs/experiments/layer1_material_all128_top10000_static_v1/pbmc/S092_E_AU_PU_PW.yaml
pbmc,S093_E_AW_PU_PW,layer1_pbmc_all128_top10000_S093_E_AW_PU_PW,TRB/set/configs/experiments/layer1_material_all128_top10000_static_v1/pbmc/S093_E_AW_PU_PW.yaml
pbmc,S094_L_AU_AW_PU,layer1_pbmc_all128_top10000_S094_L_AU_AW_PU,TRB/set/configs/experiments/layer1_material_all128_top10000_static_v1/pbmc/S094_L_AU_AW_PU.yaml
pbmc,S095_L_AU_AW_PW,layer1_pbmc_all128_top10000_S095_L_AU_AW_PW,TRB/set/configs/experiments/layer1_material_all128_top10000_static_v1/pbmc/S095_L_AU_AW_PW.yaml
pbmc,S096_L_AU_PU_PW,layer1_pbmc_all128_top10000_S096_L_AU_PU_PW,TRB/set/configs/experiments/layer1_material_all128_top10000_static_v1/pbmc/S096_L_AU_PU_PW.yaml
pbmc,S097_L_AW_PU_PW,layer1_pbmc_all128_top10000_S097_L_AW_PU_PW,TRB/set/configs/experiments/layer1_material_all128_top10000_static_v1/pbmc/S097_L_AW_PU_PW.yaml
pbmc,S098_AU_AW_PU_PW,layer1_pbmc_all128_top10000_S098_AU_AW_PU_PW,TRB/set/configs/experiments/layer1_material_all128_top10000_static_v1/pbmc/S098_AU_AW_PU_PW.yaml
pbmc,S099_D_E_L_AU_AW,layer1_pbmc_all128_top10000_S099_D_E_L_AU_AW,TRB/set/configs/experiments/layer1_material_all128_top10000_static_v1/pbmc/S099_D_E_L_AU_AW.yaml
pbmc,S100_D_E_L_AU_PU,layer1_pbmc_all128_top10000_S100_D_E_L_AU_PU,TRB/set/configs/experiments/layer1_material_all128_top10000_static_v1/pbmc/S100_D_E_L_AU_PU.yaml
pbmc,S101_D_E_L_AU_PW,layer1_pbmc_all128_top10000_S101_D_E_L_AU_PW,TRB/set/configs/experiments/layer1_material_all128_top10000_static_v1/pbmc/S101_D_E_L_AU_PW.yaml
pbmc,S102_D_E_L_AW_PU,layer1_pbmc_all128_top10000_S102_D_E_L_AW_PU,TRB/set/configs/experiments/layer1_material_all128_top10000_static_v1/pbmc/S102_D_E_L_AW_PU.yaml
pbmc,S103_D_E_L_AW_PW,layer1_pbmc_all128_top10000_S103_D_E_L_AW_PW,TRB/set/configs/experiments/layer1_material_all128_top10000_static_v1/pbmc/S103_D_E_L_AW_PW.yaml
pbmc,S104_D_E_L_PU_PW,layer1_pbmc_all128_top10000_S104_D_E_L_PU_PW,TRB/set/configs/experiments/layer1_material_all128_top10000_static_v1/pbmc/S104_D_E_L_PU_PW.yaml
pbmc,S105_D_E_AU_AW_PU,layer1_pbmc_all128_top10000_S105_D_E_AU_AW_PU,TRB/set/configs/experiments/layer1_material_all128_top10000_static_v1/pbmc/S105_D_E_AU_AW_PU.yaml
pbmc,S106_D_E_AU_AW_PW,layer1_pbmc_all128_top10000_S106_D_E_AU_AW_PW,TRB/set/configs/experiments/layer1_material_all128_top10000_static_v1/pbmc/S106_D_E_AU_AW_PW.yaml
pbmc,S107_D_E_AU_PU_PW,layer1_pbmc_all128_top10000_S107_D_E_AU_PU_PW,TRB/set/configs/experiments/layer1_material_all128_top10000_static_v1/pbmc/S107_D_E_AU_PU_PW.yaml
pbmc,S108_D_E_AW_PU_PW,layer1_pbmc_all128_top10000_S108_D_E_AW_PU_PW,TRB/set/configs/experiments/layer1_material_all128_top10000_static_v1/pbmc/S108_D_E_AW_PU_PW.yaml
pbmc,S109_D_L_AU_AW_PU,layer1_pbmc_all128_top10000_S109_D_L_AU_AW_PU,TRB/set/configs/experiments/layer1_material_all128_top10000_static_v1/pbmc/S109_D_L_AU_AW_PU.yaml
pbmc,S110_D_L_AU_AW_PW,layer1_pbmc_all128_top10000_S110_D_L_AU_AW_PW,TRB/set/configs/experiments/layer1_material_all128_top10000_static_v1/pbmc/S110_D_L_AU_AW_PW.yaml
pbmc,S111_D_L_AU_PU_PW,layer1_pbmc_all128_top10000_S111_D_L_AU_PU_PW,TRB/set/configs/experiments/layer1_material_all128_top10000_static_v1/pbmc/S111_D_L_AU_PU_PW.yaml
pbmc,S112_D_L_AW_PU_PW,layer1_pbmc_all128_top10000_S112_D_L_AW_PU_PW,TRB/set/configs/experiments/layer1_material_all128_top10000_static_v1/pbmc/S112_D_L_AW_PU_PW.yaml
pbmc,S113_D_AU_AW_PU_PW,layer1_pbmc_all128_top10000_S113_D_AU_AW_PU_PW,TRB/set/configs/experiments/layer1_material_all128_top10000_static_v1/pbmc/S113_D_AU_AW_PU_PW.yaml
pbmc,S114_E_L_AU_AW_PU,layer1_pbmc_all128_top10000_S114_E_L_AU_AW_PU,TRB/set/configs/experiments/layer1_material_all128_top10000_static_v1/pbmc/S114_E_L_AU_AW_PU.yaml
pbmc,S115_E_L_AU_AW_PW,layer1_pbmc_all128_top10000_S115_E_L_AU_AW_PW,TRB/set/configs/experiments/layer1_material_all128_top10000_static_v1/pbmc/S115_E_L_AU_AW_PW.yaml
pbmc,S116_E_L_AU_PU_PW,layer1_pbmc_all128_top10000_S116_E_L_AU_PU_PW,TRB/set/configs/experiments/layer1_material_all128_top10000_static_v1/pbmc/S116_E_L_AU_PU_PW.yaml
pbmc,S117_E_L_AW_PU_PW,layer1_pbmc_all128_top10000_S117_E_L_AW_PU_PW,TRB/set/configs/experiments/layer1_material_all128_top10000_static_v1/pbmc/S117_E_L_AW_PU_PW.yaml
pbmc,S118_E_AU_AW_PU_PW,layer1_pbmc_all128_top10000_S118_E_AU_AW_PU_PW,TRB/set/configs/experiments/layer1_material_all128_top10000_static_v1/pbmc/S118_E_AU_AW_PU_PW.yaml
pbmc,S119_L_AU_AW_PU_PW,layer1_pbmc_all128_top10000_S119_L_AU_AW_PU_PW,TRB/set/configs/experiments/layer1_material_all128_top10000_static_v1/pbmc/S119_L_AU_AW_PU_PW.yaml
pbmc,S120_D_E_L_AU_AW_PU,layer1_pbmc_all128_top10000_S120_D_E_L_AU_AW_PU,TRB/set/configs/experiments/layer1_material_all128_top10000_static_v1/pbmc/S120_D_E_L_AU_AW_PU.yaml
pbmc,S121_D_E_L_AU_AW_PW,layer1_pbmc_all128_top10000_S121_D_E_L_AU_AW_PW,TRB/set/configs/experiments/layer1_material_all128_top10000_static_v1/pbmc/S121_D_E_L_AU_AW_PW.yaml
pbmc,S122_D_E_L_AU_PU_PW,layer1_pbmc_all128_top10000_S122_D_E_L_AU_PU_PW,TRB/set/configs/experiments/layer1_material_all128_top10000_static_v1/pbmc/S122_D_E_L_AU_PU_PW.yaml
pbmc,S123_D_E_L_AW_PU_PW,layer1_pbmc_all128_top10000_S123_D_E_L_AW_PU_PW,TRB/set/configs/experiments/layer1_material_all128_top10000_static_v1/pbmc/S123_D_E_L_AW_PU_PW.yaml
pbmc,S124_D_E_AU_AW_PU_PW,layer1_pbmc_all128_top10000_S124_D_E_AU_AW_PU_PW,TRB/set/configs/experiments/layer1_material_all128_top10000_static_v1/pbmc/S124_D_E_AU_AW_PU_PW.yaml
pbmc,S125_D_L_AU_AW_PU_PW,layer1_pbmc_all128_top10000_S125_D_L_AU_AW_PU_PW,TRB/set/configs/experiments/layer1_material_all128_top10000_static_v1/pbmc/S125_D_L_AU_AW_PU_PW.yaml
pbmc,S126_E_L_AU_AW_PU_PW,layer1_pbmc_all128_top10000_S126_E_L_AU_AW_PU_PW,TRB/set/configs/experiments/layer1_material_all128_top10000_static_v1/pbmc/S126_E_L_AU_AW_PU_PW.yaml
pbmc,S127_D_E_L_AU_AW_PU_PW,layer1_pbmc_all128_top10000_S127_D_E_L_AU_AW_PU_PW,TRB/set/configs/experiments/layer1_material_all128_top10000_static_v1/pbmc/S127_D_E_L_AU_AW_PU_PW.yaml
buffycoat,S000_none,layer1_buffycoat_all128_top10000_S000_none,TRB/set/configs/experiments/layer1_material_all128_top10000_static_v1/buffycoat/S000_none.yaml
buffycoat,S001_D,layer1_buffycoat_all128_top10000_S001_D,TRB/set/configs/experiments/layer1_material_all128_top10000_static_v1/buffycoat/S001_D.yaml
buffycoat,S002_E,layer1_buffycoat_all128_top10000_S002_E,TRB/set/configs/experiments/layer1_material_all128_top10000_static_v1/buffycoat/S002_E.yaml
buffycoat,S003_L,layer1_buffycoat_all128_top10000_S003_L,TRB/set/configs/experiments/layer1_material_all128_top10000_static_v1/buffycoat/S003_L.yaml
buffycoat,S004_AU,layer1_buffycoat_all128_top10000_S004_AU,TRB/set/configs/experiments/layer1_material_all128_top10000_static_v1/buffycoat/S004_AU.yaml
buffycoat,S005_AW,layer1_buffycoat_all128_top10000_S005_AW,TRB/set/configs/experiments/layer1_material_all128_top10000_static_v1/buffycoat/S005_AW.yaml
buffycoat,S006_PU,layer1_buffycoat_all128_top10000_S006_PU,TRB/set/configs/experiments/layer1_material_all128_top10000_static_v1/buffycoat/S006_PU.yaml
buffycoat,S007_PW,layer1_buffycoat_all128_top10000_S007_PW,TRB/set/configs/experiments/layer1_material_all128_top10000_static_v1/buffycoat/S007_PW.yaml
buffycoat,S008_D_E,layer1_buffycoat_all128_top10000_S008_D_E,TRB/set/configs/experiments/layer1_material_all128_top10000_static_v1/buffycoat/S008_D_E.yaml
buffycoat,S009_D_L,layer1_buffycoat_all128_top10000_S009_D_L,TRB/set/configs/experiments/layer1_material_all128_top10000_static_v1/buffycoat/S009_D_L.yaml
buffycoat,S010_D_AU,layer1_buffycoat_all128_top10000_S010_D_AU,TRB/set/configs/experiments/layer1_material_all128_top10000_static_v1/buffycoat/S010_D_AU.yaml
buffycoat,S011_D_AW,layer1_buffycoat_all128_top10000_S011_D_AW,TRB/set/configs/experiments/layer1_material_all128_top10000_static_v1/buffycoat/S011_D_AW.yaml
buffycoat,S012_D_PU,layer1_buffycoat_all128_top10000_S012_D_PU,TRB/set/configs/experiments/layer1_material_all128_top10000_static_v1/buffycoat/S012_D_PU.yaml
buffycoat,S013_D_PW,layer1_buffycoat_all128_top10000_S013_D_PW,TRB/set/configs/experiments/layer1_material_all128_top10000_static_v1/buffycoat/S013_D_PW.yaml
buffycoat,S014_E_L,layer1_buffycoat_all128_top10000_S014_E_L,TRB/set/configs/experiments/layer1_material_all128_top10000_static_v1/buffycoat/S014_E_L.yaml
buffycoat,S015_E_AU,layer1_buffycoat_all128_top10000_S015_E_AU,TRB/set/configs/experiments/layer1_material_all128_top10000_static_v1/buffycoat/S015_E_AU.yaml
buffycoat,S016_E_AW,layer1_buffycoat_all128_top10000_S016_E_AW,TRB/set/configs/experiments/layer1_material_all128_top10000_static_v1/buffycoat/S016_E_AW.yaml
buffycoat,S017_E_PU,layer1_buffycoat_all128_top10000_S017_E_PU,TRB/set/configs/experiments/layer1_material_all128_top10000_static_v1/buffycoat/S017_E_PU.yaml
buffycoat,S018_E_PW,layer1_buffycoat_all128_top10000_S018_E_PW,TRB/set/configs/experiments/layer1_material_all128_top10000_static_v1/buffycoat/S018_E_PW.yaml
buffycoat,S019_L_AU,layer1_buffycoat_all128_top10000_S019_L_AU,TRB/set/configs/experiments/layer1_material_all128_top10000_static_v1/buffycoat/S019_L_AU.yaml
buffycoat,S020_L_AW,layer1_buffycoat_all128_top10000_S020_L_AW,TRB/set/configs/experiments/layer1_material_all128_top10000_static_v1/buffycoat/S020_L_AW.yaml
buffycoat,S021_L_PU,layer1_buffycoat_all128_top10000_S021_L_PU,TRB/set/configs/experiments/layer1_material_all128_top10000_static_v1/buffycoat/S021_L_PU.yaml
buffycoat,S022_L_PW,layer1_buffycoat_all128_top10000_S022_L_PW,TRB/set/configs/experiments/layer1_material_all128_top10000_static_v1/buffycoat/S022_L_PW.yaml
buffycoat,S023_AU_AW,layer1_buffycoat_all128_top10000_S023_AU_AW,TRB/set/configs/experiments/layer1_material_all128_top10000_static_v1/buffycoat/S023_AU_AW.yaml
buffycoat,S024_AU_PU,layer1_buffycoat_all128_top10000_S024_AU_PU,TRB/set/configs/experiments/layer1_material_all128_top10000_static_v1/buffycoat/S024_AU_PU.yaml
buffycoat,S025_AU_PW,layer1_buffycoat_all128_top10000_S025_AU_PW,TRB/set/configs/experiments/layer1_material_all128_top10000_static_v1/buffycoat/S025_AU_PW.yaml
buffycoat,S026_AW_PU,layer1_buffycoat_all128_top10000_S026_AW_PU,TRB/set/configs/experiments/layer1_material_all128_top10000_static_v1/buffycoat/S026_AW_PU.yaml
buffycoat,S027_AW_PW,layer1_buffycoat_all128_top10000_S027_AW_PW,TRB/set/configs/experiments/layer1_material_all128_top10000_static_v1/buffycoat/S027_AW_PW.yaml
buffycoat,S028_PU_PW,layer1_buffycoat_all128_top10000_S028_PU_PW,TRB/set/configs/experiments/layer1_material_all128_top10000_static_v1/buffycoat/S028_PU_PW.yaml
buffycoat,S029_D_E_L,layer1_buffycoat_all128_top10000_S029_D_E_L,TRB/set/configs/experiments/layer1_material_all128_top10000_static_v1/buffycoat/S029_D_E_L.yaml
buffycoat,S030_D_E_AU,layer1_buffycoat_all128_top10000_S030_D_E_AU,TRB/set/configs/experiments/layer1_material_all128_top10000_static_v1/buffycoat/S030_D_E_AU.yaml
buffycoat,S031_D_E_AW,layer1_buffycoat_all128_top10000_S031_D_E_AW,TRB/set/configs/experiments/layer1_material_all128_top10000_static_v1/buffycoat/S031_D_E_AW.yaml
buffycoat,S032_D_E_PU,layer1_buffycoat_all128_top10000_S032_D_E_PU,TRB/set/configs/experiments/layer1_material_all128_top10000_static_v1/buffycoat/S032_D_E_PU.yaml
buffycoat,S033_D_E_PW,layer1_buffycoat_all128_top10000_S033_D_E_PW,TRB/set/configs/experiments/layer1_material_all128_top10000_static_v1/buffycoat/S033_D_E_PW.yaml
buffycoat,S034_D_L_AU,layer1_buffycoat_all128_top10000_S034_D_L_AU,TRB/set/configs/experiments/layer1_material_all128_top10000_static_v1/buffycoat/S034_D_L_AU.yaml
buffycoat,S035_D_L_AW,layer1_buffycoat_all128_top10000_S035_D_L_AW,TRB/set/configs/experiments/layer1_material_all128_top10000_static_v1/buffycoat/S035_D_L_AW.yaml
buffycoat,S036_D_L_PU,layer1_buffycoat_all128_top10000_S036_D_L_PU,TRB/set/configs/experiments/layer1_material_all128_top10000_static_v1/buffycoat/S036_D_L_PU.yaml
buffycoat,S037_D_L_PW,layer1_buffycoat_all128_top10000_S037_D_L_PW,TRB/set/configs/experiments/layer1_material_all128_top10000_static_v1/buffycoat/S037_D_L_PW.yaml
buffycoat,S038_D_AU_AW,layer1_buffycoat_all128_top10000_S038_D_AU_AW,TRB/set/configs/experiments/layer1_material_all128_top10000_static_v1/buffycoat/S038_D_AU_AW.yaml
buffycoat,S039_D_AU_PU,layer1_buffycoat_all128_top10000_S039_D_AU_PU,TRB/set/configs/experiments/layer1_material_all128_top10000_static_v1/buffycoat/S039_D_AU_PU.yaml
buffycoat,S040_D_AU_PW,layer1_buffycoat_all128_top10000_S040_D_AU_PW,TRB/set/configs/experiments/layer1_material_all128_top10000_static_v1/buffycoat/S040_D_AU_PW.yaml
buffycoat,S041_D_AW_PU,layer1_buffycoat_all128_top10000_S041_D_AW_PU,TRB/set/configs/experiments/layer1_material_all128_top10000_static_v1/buffycoat/S041_D_AW_PU.yaml
buffycoat,S042_D_AW_PW,layer1_buffycoat_all128_top10000_S042_D_AW_PW,TRB/set/configs/experiments/layer1_material_all128_top10000_static_v1/buffycoat/S042_D_AW_PW.yaml
buffycoat,S043_D_PU_PW,layer1_buffycoat_all128_top10000_S043_D_PU_PW,TRB/set/configs/experiments/layer1_material_all128_top10000_static_v1/buffycoat/S043_D_PU_PW.yaml
buffycoat,S044_E_L_AU,layer1_buffycoat_all128_top10000_S044_E_L_AU,TRB/set/configs/experiments/layer1_material_all128_top10000_static_v1/buffycoat/S044_E_L_AU.yaml
buffycoat,S045_E_L_AW,layer1_buffycoat_all128_top10000_S045_E_L_AW,TRB/set/configs/experiments/layer1_material_all128_top10000_static_v1/buffycoat/S045_E_L_AW.yaml
buffycoat,S046_E_L_PU,layer1_buffycoat_all128_top10000_S046_E_L_PU,TRB/set/configs/experiments/layer1_material_all128_top10000_static_v1/buffycoat/S046_E_L_PU.yaml
buffycoat,S047_E_L_PW,layer1_buffycoat_all128_top10000_S047_E_L_PW,TRB/set/configs/experiments/layer1_material_all128_top10000_static_v1/buffycoat/S047_E_L_PW.yaml
buffycoat,S048_E_AU_AW,layer1_buffycoat_all128_top10000_S048_E_AU_AW,TRB/set/configs/experiments/layer1_material_all128_top10000_static_v1/buffycoat/S048_E_AU_AW.yaml
buffycoat,S049_E_AU_PU,layer1_buffycoat_all128_top10000_S049_E_AU_PU,TRB/set/configs/experiments/layer1_material_all128_top10000_static_v1/buffycoat/S049_E_AU_PU.yaml
buffycoat,S050_E_AU_PW,layer1_buffycoat_all128_top10000_S050_E_AU_PW,TRB/set/configs/experiments/layer1_material_all128_top10000_static_v1/buffycoat/S050_E_AU_PW.yaml
buffycoat,S051_E_AW_PU,layer1_buffycoat_all128_top10000_S051_E_AW_PU,TRB/set/configs/experiments/layer1_material_all128_top10000_static_v1/buffycoat/S051_E_AW_PU.yaml
buffycoat,S052_E_AW_PW,layer1_buffycoat_all128_top10000_S052_E_AW_PW,TRB/set/configs/experiments/layer1_material_all128_top10000_static_v1/buffycoat/S052_E_AW_PW.yaml
buffycoat,S053_E_PU_PW,layer1_buffycoat_all128_top10000_S053_E_PU_PW,TRB/set/configs/experiments/layer1_material_all128_top10000_static_v1/buffycoat/S053_E_PU_PW.yaml
buffycoat,S054_L_AU_AW,layer1_buffycoat_all128_top10000_S054_L_AU_AW,TRB/set/configs/experiments/layer1_material_all128_top10000_static_v1/buffycoat/S054_L_AU_AW.yaml
buffycoat,S055_L_AU_PU,layer1_buffycoat_all128_top10000_S055_L_AU_PU,TRB/set/configs/experiments/layer1_material_all128_top10000_static_v1/buffycoat/S055_L_AU_PU.yaml
buffycoat,S056_L_AU_PW,layer1_buffycoat_all128_top10000_S056_L_AU_PW,TRB/set/configs/experiments/layer1_material_all128_top10000_static_v1/buffycoat/S056_L_AU_PW.yaml
buffycoat,S057_L_AW_PU,layer1_buffycoat_all128_top10000_S057_L_AW_PU,TRB/set/configs/experiments/layer1_material_all128_top10000_static_v1/buffycoat/S057_L_AW_PU.yaml
buffycoat,S058_L_AW_PW,layer1_buffycoat_all128_top10000_S058_L_AW_PW,TRB/set/configs/experiments/layer1_material_all128_top10000_static_v1/buffycoat/S058_L_AW_PW.yaml
buffycoat,S059_L_PU_PW,layer1_buffycoat_all128_top10000_S059_L_PU_PW,TRB/set/configs/experiments/layer1_material_all128_top10000_static_v1/buffycoat/S059_L_PU_PW.yaml
buffycoat,S060_AU_AW_PU,layer1_buffycoat_all128_top10000_S060_AU_AW_PU,TRB/set/configs/experiments/layer1_material_all128_top10000_static_v1/buffycoat/S060_AU_AW_PU.yaml
buffycoat,S061_AU_AW_PW,layer1_buffycoat_all128_top10000_S061_AU_AW_PW,TRB/set/configs/experiments/layer1_material_all128_top10000_static_v1/buffycoat/S061_AU_AW_PW.yaml
buffycoat,S062_AU_PU_PW,layer1_buffycoat_all128_top10000_S062_AU_PU_PW,TRB/set/configs/experiments/layer1_material_all128_top10000_static_v1/buffycoat/S062_AU_PU_PW.yaml
buffycoat,S063_AW_PU_PW,layer1_buffycoat_all128_top10000_S063_AW_PU_PW,TRB/set/configs/experiments/layer1_material_all128_top10000_static_v1/buffycoat/S063_AW_PU_PW.yaml
buffycoat,S064_D_E_L_AU,layer1_buffycoat_all128_top10000_S064_D_E_L_AU,TRB/set/configs/experiments/layer1_material_all128_top10000_static_v1/buffycoat/S064_D_E_L_AU.yaml
buffycoat,S065_D_E_L_AW,layer1_buffycoat_all128_top10000_S065_D_E_L_AW,TRB/set/configs/experiments/layer1_material_all128_top10000_static_v1/buffycoat/S065_D_E_L_AW.yaml
buffycoat,S066_D_E_L_PU,layer1_buffycoat_all128_top10000_S066_D_E_L_PU,TRB/set/configs/experiments/layer1_material_all128_top10000_static_v1/buffycoat/S066_D_E_L_PU.yaml
buffycoat,S067_D_E_L_PW,layer1_buffycoat_all128_top10000_S067_D_E_L_PW,TRB/set/configs/experiments/layer1_material_all128_top10000_static_v1/buffycoat/S067_D_E_L_PW.yaml
buffycoat,S068_D_E_AU_AW,layer1_buffycoat_all128_top10000_S068_D_E_AU_AW,TRB/set/configs/experiments/layer1_material_all128_top10000_static_v1/buffycoat/S068_D_E_AU_AW.yaml
buffycoat,S069_D_E_AU_PU,layer1_buffycoat_all128_top10000_S069_D_E_AU_PU,TRB/set/configs/experiments/layer1_material_all128_top10000_static_v1/buffycoat/S069_D_E_AU_PU.yaml
buffycoat,S070_D_E_AU_PW,layer1_buffycoat_all128_top10000_S070_D_E_AU_PW,TRB/set/configs/experiments/layer1_material_all128_top10000_static_v1/buffycoat/S070_D_E_AU_PW.yaml
buffycoat,S071_D_E_AW_PU,layer1_buffycoat_all128_top10000_S071_D_E_AW_PU,TRB/set/configs/experiments/layer1_material_all128_top10000_static_v1/buffycoat/S071_D_E_AW_PU.yaml
buffycoat,S072_D_E_AW_PW,layer1_buffycoat_all128_top10000_S072_D_E_AW_PW,TRB/set/configs/experiments/layer1_material_all128_top10000_static_v1/buffycoat/S072_D_E_AW_PW.yaml
buffycoat,S073_D_E_PU_PW,layer1_buffycoat_all128_top10000_S073_D_E_PU_PW,TRB/set/configs/experiments/layer1_material_all128_top10000_static_v1/buffycoat/S073_D_E_PU_PW.yaml
buffycoat,S074_D_L_AU_AW,layer1_buffycoat_all128_top10000_S074_D_L_AU_AW,TRB/set/configs/experiments/layer1_material_all128_top10000_static_v1/buffycoat/S074_D_L_AU_AW.yaml
buffycoat,S075_D_L_AU_PU,layer1_buffycoat_all128_top10000_S075_D_L_AU_PU,TRB/set/configs/experiments/layer1_material_all128_top10000_static_v1/buffycoat/S075_D_L_AU_PU.yaml
buffycoat,S076_D_L_AU_PW,layer1_buffycoat_all128_top10000_S076_D_L_AU_PW,TRB/set/configs/experiments/layer1_material_all128_top10000_static_v1/buffycoat/S076_D_L_AU_PW.yaml
buffycoat,S077_D_L_AW_PU,layer1_buffycoat_all128_top10000_S077_D_L_AW_PU,TRB/set/configs/experiments/layer1_material_all128_top10000_static_v1/buffycoat/S077_D_L_AW_PU.yaml
buffycoat,S078_D_L_AW_PW,layer1_buffycoat_all128_top10000_S078_D_L_AW_PW,TRB/set/configs/experiments/layer1_material_all128_top10000_static_v1/buffycoat/S078_D_L_AW_PW.yaml
buffycoat,S079_D_L_PU_PW,layer1_buffycoat_all128_top10000_S079_D_L_PU_PW,TRB/set/configs/experiments/layer1_material_all128_top10000_static_v1/buffycoat/S079_D_L_PU_PW.yaml
buffycoat,S080_D_AU_AW_PU,layer1_buffycoat_all128_top10000_S080_D_AU_AW_PU,TRB/set/configs/experiments/layer1_material_all128_top10000_static_v1/buffycoat/S080_D_AU_AW_PU.yaml
buffycoat,S081_D_AU_AW_PW,layer1_buffycoat_all128_top10000_S081_D_AU_AW_PW,TRB/set/configs/experiments/layer1_material_all128_top10000_static_v1/buffycoat/S081_D_AU_AW_PW.yaml
buffycoat,S082_D_AU_PU_PW,layer1_buffycoat_all128_top10000_S082_D_AU_PU_PW,TRB/set/configs/experiments/layer1_material_all128_top10000_static_v1/buffycoat/S082_D_AU_PU_PW.yaml
buffycoat,S083_D_AW_PU_PW,layer1_buffycoat_all128_top10000_S083_D_AW_PU_PW,TRB/set/configs/experiments/layer1_material_all128_top10000_static_v1/buffycoat/S083_D_AW_PU_PW.yaml
buffycoat,S084_E_L_AU_AW,layer1_buffycoat_all128_top10000_S084_E_L_AU_AW,TRB/set/configs/experiments/layer1_material_all128_top10000_static_v1/buffycoat/S084_E_L_AU_AW.yaml
buffycoat,S085_E_L_AU_PU,layer1_buffycoat_all128_top10000_S085_E_L_AU_PU,TRB/set/configs/experiments/layer1_material_all128_top10000_static_v1/buffycoat/S085_E_L_AU_PU.yaml
buffycoat,S086_E_L_AU_PW,layer1_buffycoat_all128_top10000_S086_E_L_AU_PW,TRB/set/configs/experiments/layer1_material_all128_top10000_static_v1/buffycoat/S086_E_L_AU_PW.yaml
buffycoat,S087_E_L_AW_PU,layer1_buffycoat_all128_top10000_S087_E_L_AW_PU,TRB/set/configs/experiments/layer1_material_all128_top10000_static_v1/buffycoat/S087_E_L_AW_PU.yaml
buffycoat,S088_E_L_AW_PW,layer1_buffycoat_all128_top10000_S088_E_L_AW_PW,TRB/set/configs/experiments/layer1_material_all128_top10000_static_v1/buffycoat/S088_E_L_AW_PW.yaml
buffycoat,S089_E_L_PU_PW,layer1_buffycoat_all128_top10000_S089_E_L_PU_PW,TRB/set/configs/experiments/layer1_material_all128_top10000_static_v1/buffycoat/S089_E_L_PU_PW.yaml
buffycoat,S090_E_AU_AW_PU,layer1_buffycoat_all128_top10000_S090_E_AU_AW_PU,TRB/set/configs/experiments/layer1_material_all128_top10000_static_v1/buffycoat/S090_E_AU_AW_PU.yaml
buffycoat,S091_E_AU_AW_PW,layer1_buffycoat_all128_top10000_S091_E_AU_AW_PW,TRB/set/configs/experiments/layer1_material_all128_top10000_static_v1/buffycoat/S091_E_AU_AW_PW.yaml
buffycoat,S092_E_AU_PU_PW,layer1_buffycoat_all128_top10000_S092_E_AU_PU_PW,TRB/set/configs/experiments/layer1_material_all128_top10000_static_v1/buffycoat/S092_E_AU_PU_PW.yaml
buffycoat,S093_E_AW_PU_PW,layer1_buffycoat_all128_top10000_S093_E_AW_PU_PW,TRB/set/configs/experiments/layer1_material_all128_top10000_static_v1/buffycoat/S093_E_AW_PU_PW.yaml
buffycoat,S094_L_AU_AW_PU,layer1_buffycoat_all128_top10000_S094_L_AU_AW_PU,TRB/set/configs/experiments/layer1_material_all128_top10000_static_v1/buffycoat/S094_L_AU_AW_PU.yaml
buffycoat,S095_L_AU_AW_PW,layer1_buffycoat_all128_top10000_S095_L_AU_AW_PW,TRB/set/configs/experiments/layer1_material_all128_top10000_static_v1/buffycoat/S095_L_AU_AW_PW.yaml
buffycoat,S096_L_AU_PU_PW,layer1_buffycoat_all128_top10000_S096_L_AU_PU_PW,TRB/set/configs/experiments/layer1_material_all128_top10000_static_v1/buffycoat/S096_L_AU_PU_PW.yaml
buffycoat,S097_L_AW_PU_PW,layer1_buffycoat_all128_top10000_S097_L_AW_PU_PW,TRB/set/configs/experiments/layer1_material_all128_top10000_static_v1/buffycoat/S097_L_AW_PU_PW.yaml
buffycoat,S098_AU_AW_PU_PW,layer1_buffycoat_all128_top10000_S098_AU_AW_PU_PW,TRB/set/configs/experiments/layer1_material_all128_top10000_static_v1/buffycoat/S098_AU_AW_PU_PW.yaml
buffycoat,S099_D_E_L_AU_AW,layer1_buffycoat_all128_top10000_S099_D_E_L_AU_AW,TRB/set/configs/experiments/layer1_material_all128_top10000_static_v1/buffycoat/S099_D_E_L_AU_AW.yaml
buffycoat,S100_D_E_L_AU_PU,layer1_buffycoat_all128_top10000_S100_D_E_L_AU_PU,TRB/set/configs/experiments/layer1_material_all128_top10000_static_v1/buffycoat/S100_D_E_L_AU_PU.yaml
buffycoat,S101_D_E_L_AU_PW,layer1_buffycoat_all128_top10000_S101_D_E_L_AU_PW,TRB/set/configs/experiments/layer1_material_all128_top10000_static_v1/buffycoat/S101_D_E_L_AU_PW.yaml
buffycoat,S102_D_E_L_AW_PU,layer1_buffycoat_all128_top10000_S102_D_E_L_AW_PU,TRB/set/configs/experiments/layer1_material_all128_top10000_static_v1/buffycoat/S102_D_E_L_AW_PU.yaml
buffycoat,S103_D_E_L_AW_PW,layer1_buffycoat_all128_top10000_S103_D_E_L_AW_PW,TRB/set/configs/experiments/layer1_material_all128_top10000_static_v1/buffycoat/S103_D_E_L_AW_PW.yaml
buffycoat,S104_D_E_L_PU_PW,layer1_buffycoat_all128_top10000_S104_D_E_L_PU_PW,TRB/set/configs/experiments/layer1_material_all128_top10000_static_v1/buffycoat/S104_D_E_L_PU_PW.yaml
buffycoat,S105_D_E_AU_AW_PU,layer1_buffycoat_all128_top10000_S105_D_E_AU_AW_PU,TRB/set/configs/experiments/layer1_material_all128_top10000_static_v1/buffycoat/S105_D_E_AU_AW_PU.yaml
buffycoat,S106_D_E_AU_AW_PW,layer1_buffycoat_all128_top10000_S106_D_E_AU_AW_PW,TRB/set/configs/experiments/layer1_material_all128_top10000_static_v1/buffycoat/S106_D_E_AU_AW_PW.yaml
buffycoat,S107_D_E_AU_PU_PW,layer1_buffycoat_all128_top10000_S107_D_E_AU_PU_PW,TRB/set/configs/experiments/layer1_material_all128_top10000_static_v1/buffycoat/S107_D_E_AU_PU_PW.yaml
buffycoat,S108_D_E_AW_PU_PW,layer1_buffycoat_all128_top10000_S108_D_E_AW_PU_PW,TRB/set/configs/experiments/layer1_material_all128_top10000_static_v1/buffycoat/S108_D_E_AW_PU_PW.yaml
buffycoat,S109_D_L_AU_AW_PU,layer1_buffycoat_all128_top10000_S109_D_L_AU_AW_PU,TRB/set/configs/experiments/layer1_material_all128_top10000_static_v1/buffycoat/S109_D_L_AU_AW_PU.yaml
buffycoat,S110_D_L_AU_AW_PW,layer1_buffycoat_all128_top10000_S110_D_L_AU_AW_PW,TRB/set/configs/experiments/layer1_material_all128_top10000_static_v1/buffycoat/S110_D_L_AU_AW_PW.yaml
buffycoat,S111_D_L_AU_PU_PW,layer1_buffycoat_all128_top10000_S111_D_L_AU_PU_PW,TRB/set/configs/experiments/layer1_material_all128_top10000_static_v1/buffycoat/S111_D_L_AU_PU_PW.yaml
buffycoat,S112_D_L_AW_PU_PW,layer1_buffycoat_all128_top10000_S112_D_L_AW_PU_PW,TRB/set/configs/experiments/layer1_material_all128_top10000_static_v1/buffycoat/S112_D_L_AW_PU_PW.yaml
buffycoat,S113_D_AU_AW_PU_PW,layer1_buffycoat_all128_top10000_S113_D_AU_AW_PU_PW,TRB/set/configs/experiments/layer1_material_all128_top10000_static_v1/buffycoat/S113_D_AU_AW_PU_PW.yaml
buffycoat,S114_E_L_AU_AW_PU,layer1_buffycoat_all128_top10000_S114_E_L_AU_AW_PU,TRB/set/configs/experiments/layer1_material_all128_top10000_static_v1/buffycoat/S114_E_L_AU_AW_PU.yaml
buffycoat,S115_E_L_AU_AW_PW,layer1_buffycoat_all128_top10000_S115_E_L_AU_AW_PW,TRB/set/configs/experiments/layer1_material_all128_top10000_static_v1/buffycoat/S115_E_L_AU_AW_PW.yaml
buffycoat,S116_E_L_AU_PU_PW,layer1_buffycoat_all128_top10000_S116_E_L_AU_PU_PW,TRB/set/configs/experiments/layer1_material_all128_top10000_static_v1/buffycoat/S116_E_L_AU_PU_PW.yaml
buffycoat,S117_E_L_AW_PU_PW,layer1_buffycoat_all128_top10000_S117_E_L_AW_PU_PW,TRB/set/configs/experiments/layer1_material_all128_top10000_static_v1/buffycoat/S117_E_L_AW_PU_PW.yaml
buffycoat,S118_E_AU_AW_PU_PW,layer1_buffycoat_all128_top10000_S118_E_AU_AW_PU_PW,TRB/set/configs/experiments/layer1_material_all128_top10000_static_v1/buffycoat/S118_E_AU_AW_PU_PW.yaml
buffycoat,S119_L_AU_AW_PU_PW,layer1_buffycoat_all128_top10000_S119_L_AU_AW_PU_PW,TRB/set/configs/experiments/layer1_material_all128_top10000_static_v1/buffycoat/S119_L_AU_AW_PU_PW.yaml
buffycoat,S120_D_E_L_AU_AW_PU,layer1_buffycoat_all128_top10000_S120_D_E_L_AU_AW_PU,TRB/set/configs/experiments/layer1_material_all128_top10000_static_v1/buffycoat/S120_D_E_L_AU_AW_PU.yaml
buffycoat,S121_D_E_L_AU_AW_PW,layer1_buffycoat_all128_top10000_S121_D_E_L_AU_AW_PW,TRB/set/configs/experiments/layer1_material_all128_top10000_static_v1/buffycoat/S121_D_E_L_AU_AW_PW.yaml
buffycoat,S122_D_E_L_AU_PU_PW,layer1_buffycoat_all128_top10000_S122_D_E_L_AU_PU_PW,TRB/set/configs/experiments/layer1_material_all128_top10000_static_v1/buffycoat/S122_D_E_L_AU_PU_PW.yaml
buffycoat,S123_D_E_L_AW_PU_PW,layer1_buffycoat_all128_top10000_S123_D_E_L_AW_PU_PW,TRB/set/configs/experiments/layer1_material_all128_top10000_static_v1/buffycoat/S123_D_E_L_AW_PU_PW.yaml
buffycoat,S124_D_E_AU_AW_PU_PW,layer1_buffycoat_all128_top10000_S124_D_E_AU_AW_PU_PW,TRB/set/configs/experiments/layer1_material_all128_top10000_static_v1/buffycoat/S124_D_E_AU_AW_PU_PW.yaml
buffycoat,S125_D_L_AU_AW_PU_PW,layer1_buffycoat_all128_top10000_S125_D_L_AU_AW_PU_PW,TRB/set/configs/experiments/layer1_material_all128_top10000_static_v1/buffycoat/S125_D_L_AU_AW_PU_PW.yaml
buffycoat,S126_E_L_AU_AW_PU_PW,layer1_buffycoat_all128_top10000_S126_E_L_AU_AW_PU_PW,TRB/set/configs/experiments/layer1_material_all128_top10000_static_v1/buffycoat/S126_E_L_AU_AW_PU_PW.yaml
buffycoat,S127_D_E_L_AU_AW_PU_PW,layer1_buffycoat_all128_top10000_S127_D_E_L_AU_AW_PU_PW,TRB/set/configs/experiments/layer1_material_all128_top10000_static_v1/buffycoat/S127_D_E_L_AU_AW_PU_PW.yaml
